{"options":{"check_for_updates":false,"comment":null,"compatopts_for_requires":true,"compat_wrappedjsobject":false,"compat_metadata":false,"compat_foreach":false,"compat_powerful_this":null,"sandbox":null,"noframes":null,"unwrap":null,"run_at":null,"tab_types":null,"override":{"use_includes":[],"orig_includes":[],"merge_includes":true,"use_matches":[],"orig_matches":["*://*/*"],"merge_matches":true,"use_excludes":[],"orig_excludes":[],"merge_excludes":true,"use_connects":[],"orig_connects":[],"merge_connects":true,"use_blockers":[],"orig_run_at":"document-body","orig_noframes":null}},"settings":{"enabled":true,"position":3},"meta":{"name":"Font substitution: Sarasa Gothic","uuid":"ee61b576-fd2d-4804-a20a-dc02d43b81e7","modified":1669113862438,"file_url":"https://greasyfork.org/scripts/387442-font-substitution-sarasa-gothic/code/Font%20substitution:%20Sarasa%20Gothic.user.js"}}